Index,Num_c,SMILES,mol_weight,xlogp,num_rotatable_bonds,bertz_ct,HOMO,LUMO,gap,predicted_gap
1,4,C[N+](C)(C)C,74.15,0.3,4,15.51,-14.484,-4.388,10.096,10.519669532775879
2,5,CC[N+](C)(C)C,88.17,0.6,5,29.79,-13.127,-4.076,9.051,9.2879638671875
3,6,CCC[N+](C)(C)C,102.2,1.2,6,38.49,-12.057,-3.997,8.06,8.293606758117676
4,6,CC[N+](C)(C)CC,102.2,1.0,6,38.0,-12.792,-3.77,9.022,9.174224853515625
5,7,CC(C)C[N+](C)(C)C,116.23,1.6,7,54.93,-11.44,-3.464,7.976,7.904549598693848
6,7,CCCC[N+](C)(C)C,116.23,1.5,7,47.55,-11.361,-3.935,7.426,7.392295837402344
7,7,CCC[N+](C)(C)CC,116.23,1.5,7,53.06,-11.959,-3.698,8.261,8.429017066955566
8,7,CC[N+](C)(CC)CC,116.23,1.4,7,42.79,-12.573,-3.458,9.115,9.196672439575195
9,8,CC(C)(C)C[N+](C)(C)C,130.25,2.0,4,65.19,-11.167,-3.493,7.674,7.945928573608398
10,8,CC(C)CC[N+](C)(C)C,130.25,2.0,8,64.6,-10.732,-3.419,7.313,7.186063766479492
11,8,CCC(C)C[N+](C)(C)C,130.25,2.0,8,66.6,-10.987,-3.52,7.467,7.62321662902832
12,8,CCCCC[N+](C)(C)C,130.25,2.1,8,56.93,-10.629,-3.918,6.711,6.933472633361816
13,8,CCCC[N+](C)(C)CC,130.25,1.9,8,62.44,-11.211,-3.644,7.567,7.662405967712402
14,8,CCC[N+](C)(C)CCC,130.25,2.1,8,54.44,-11.848,-3.621,8.227,8.16785717010498
15,8,CCC[N+](C)(CC)CC,130.25,1.9,8,60.44,-11.858,-3.388,8.47,8.516397476196289
16,8,CC[N+](C)(C)CC(C)C,130.25,2.0,8,70.11,-11.351,-3.211,8.14,7.942374229431152
17,8,CC[N+](CC)(CC)CC,130.25,1.7,8,42.93,-12.277,-3.317,8.96,9.109603881835938
18,9,CC(C)CCC[N+](C)(C)C,144.28,2.3,9,74.53,-10.471,-3.444,7.027,7.08297061920166
19,9,CCC(C)(C)C[N+](C)(C)C,144.28,2.4,9,93.1,-10.717,-3.395,7.322,7.493853569030762
20,9,CCC(C)CC[N+](C)(C)C,144.28,2.5,9,76.53,-10.33,-3.382,6.948,7.041475296020508
21,9,CCC(C)C[N+](C)(C)CC,144.28,2.3,9,82.04,-11.271,-3.555,7.716,7.602243423461914
22,9,CCCC(C)C[N+](C)(C)C,144.28,2.5,9,76.53,-10.399,-3.429,6.97,7.270390033721924
23,9,CCCCCC[N+](C)(C)C,144.28,2.6,9,66.6,-10.338,-3.886,6.452,6.7232770919799805
24,9,CCCCC[N+](C)(C)CC,144.28,2.4,9,72.11,-10.672,-3.618,7.054,7.140013694763184
25,9,CCCC[N+](C)(C)CCC,144.28,2.4,9,72.11,-11.361,-3.59,7.771,7.869072914123535
26,9,CCCC[N+](C)(CC)CC,144.28,2.3,9,70.11,-11.381,-3.456,7.925,7.934919357299805
27,9,CCC[N+](C)(C)CC(C)C,144.28,2.5,9,80.04,-11.25,-3.139,8.111,7.949268341064453
28,9,CCC[N+](C)(CC)CCC,144.28,2.4,9,68.11,-11.77,-3.483,8.287,8.528773307800293
29,9,CCC[N+](CC)(CC)CC,144.28,2.3,9,61.84,-11.441,-3.007,8.434,8.519375801086426
30,9,CC[N+](C)(C)CC(C)(C)C,144.28,2.4,5,93.1,-11.076,-3.25,7.826,7.923079490661621
31,9,CC[N+](C)(C)CCC(C)C,144.28,2.3,9,80.04,-10.822,-3.153,7.669,7.727502822875977
32,9,CC[N+](C)(CC)CC(C)C,144.28,2.3,9,78.04,-11.27,-2.931,8.339,8.25033950805664
33,10,CC(C)C(C)(C)C[N+](C)(C)C,158.31,2.8,10,112.49,-10.451,-3.395,7.056,7.421872615814209
34,10,CC(C)CCCC[N+](C)(C)C,158.31,2.9,10,84.7,-9.727,-3.411,6.316,6.412160873413086
35,10,CC(C)C[N+](C)(C)CC(C)C,158.31,2.9,10,86.61,-11.176,-3.125,8.051,7.947547912597656
36,10,CCC(C)CCC[N+](C)(C)C,158.31,2.9,10,86.7,-10.075,-3.875,6.2,6.391790390014648
37,10,CCC(C)CC[N+](C)(C)CC,158.31,2.9,10,92.21,-10.717,-3.617,7.1,7.2278337478637695
38,10,CCCC(C)(C)C[N+](C)(C)C,158.31,2.9,10,103.7,-10.234,-3.414,6.82,7.223651885986328
39,10,CCCC(C)CC[N+](C)(C)C,158.31,3.1,10,86.7,-10.009,-3.398,6.611,6.802855491638184
40,10,CCCC(C)C[N+](C)(C)CC,158.31,2.9,10,92.21,-10.442,-3.121,7.321,7.315197944641113
41,10,CCCCC(C)C[N+](C)(C)C,158.31,3.1,10,86.7,-10.26,-3.395,6.865,7.001175880432129
42,10,CCCCCCC[N+](C)(C)C,158.31,3.7,10,76.53,-9.823,-3.402,6.421,6.730783462524414
43,10,CCCCCC[N+](C)(C)CC,158.31,3.0,10,82.04,-10.08,-3.141,6.939,7.013234615325928
44,10,CCCCC[N+](C)(C)CCC,158.31,3.0,10,82.04,-10.483,-3.108,7.375,7.543784141540527
45,10,CCCCC[N+](C)(CC)CC,158.31,2.8,10,80.04,-10.338,-2.959,7.379,7.584682464599609
46,10,CCCC[N+](C)(C)CC(C)C,158.31,2.9,10,90.21,-10.865,-3.027,7.838,7.752897262573242
47,10,CCCC[N+](C)(C)CCCC,158.31,2.8,10,72.04,-10.855,-3.07,7.785,7.856402397155762
48,10,CCCC[N+](C)(CC)CCC,158.31,2.8,10,86.04,-10.914,-2.835,8.079,7.982156753540039
49,10,CCCC[N+](CC)(CC)CC,158.31,2.6,10,71.77,-11.188,-3.093,8.095,8.195533752441406
50,10,CCC[N+](C)(C)CC(C)(C)C,158.31,2.9,6,103.7,-11.022,-3.103,7.919,7.922364234924316
51,10,CCC[N+](C)(C)CC(C)CC,158.31,2.9,10,92.21,-10.747,-3.152,7.595,7.6463117599487305
52,10,CCC[N+](C)(C)CCC(C)C,158.31,2.9,10,90.21,-10.654,-3.064,7.59,7.753945350646973
53,10,CCC[N+](C)(CC)CC(C)C,158.31,2.9,10,94.21,-11.252,-2.811,8.441,8.240839958190918
54,10,CCC[N+](C)(CCC)CCC,158.31,3.0,10,67.02,-11.366,-2.812,8.554,8.038127899169922
55,10,CCC[N+](CC)(CC)CCC,158.31,2.8,10,72.04,-11.307,-2.773,8.534,8.67821979522705
56,10,CC[N+](C)(C)CCCC(C)C,158.31,2.7,10,90.21,-10.403,-3.192,7.211,7.203693389892578
57,10,CC[N+](C)(CC)CCC(C)C,158.31,2.7,10,88.21,-10.63,-3.023,7.607,7.670773506164551
58,10,CC[N+](CC)(CC)CC(C)C,158.31,2.7,10,79.95,-11.148,-2.742,8.406,8.286263465881348
59,11,CC(C)CCCCC[N+](C)(C)C,172.34,3.4,11,95.1,-9.476,-3.435,6.041,6.610757350921631
60,11,CC(C)CC[N+](C)(C)CC(C)C,172.34,3.3,11,109.21,-10.562,-3.0,7.562,7.663702011108398
61,11,CCC(C)C(C)(C)C[N+](C)(C)C,172.34,3.3,11,125.46,-10.29,-3.375,6.915,7.134958267211914
62,11,CCC(C)CC[N+](C)(CC)CC,172.34,3.2,11,100.61,-10.252,-2.825,7.427,7.430865287780762
63,11,CCC(C)C[N+](C)(C)CC(C)C,172.34,3.3,11,111.21,-10.727,-3.136,7.591,7.704195976257324
64,11,CCC(C)C[N+](CC)(CC)CC,172.34,3.1,11,92.34,-10.752,-2.679,8.073,7.793269157409668
65,11,CCCC(C)(C)C[N+](C)(C)CC,172.34,3.3,11,120.0,-10.353,-3.101,7.252,7.351120948791504
66,11,CCCC(C)CCC[N+](C)(C)C,172.34,3.4,11,97.1,-9.602,-3.394,6.208,6.353742599487305
67,11,CCCCC(C)(C)C[N+](C)(C)C,172.34,3.4,11,114.49,-9.945,-3.382,6.563,6.784271240234375
68,11,CCCCC(C)CC[N+](C)(C)C,172.34,3.6,11,97.1,-9.709,-3.351,6.358,6.659165382385254
69,11,CCCCCC(C)C[N+](C)(C)C,172.34,3.6,11,97.1,-9.546,-3.359,6.187,6.451571464538574
70,11,CCCCCCCC[N+](C)(C)C,172.34,4.2,11,86.7,-9.388,-3.379,6.009,6.295367240905762
71,11,CCCCCCC[N+](C)(C)CC,172.34,3.5,11,92.21,-9.547,-3.152,6.395,6.6793212890625
72,11,CCCCCC[N+](C)(C)CCC,172.34,3.5,11,92.21,-10.016,-3.049,6.967,7.095936298370361
73,11,CCCCCC[N+](C)(CC)CC,172.34,3.3,11,90.21,-10.544,-3.278,7.266,7.3851518630981445
74,11,CCCCC[N+](C)(C)CCCC,172.34,3.3,11,92.21,-10.315,-3.054,7.261,7.41893196105957
75,11,CCCCC[N+](C)(CC)CCC,172.34,3.3,11,96.21,-10.289,-2.914,7.375,7.571244239807129
76,11,CCCCC[N+](CC)(CC)CC,172.34,3.2,11,81.95,-10.265,-2.744,7.521,7.724033355712891
77,11,CCCC[N+](C)(C)CC(C)(C)C,172.34,3.3,7,114.49,-10.761,-3.112,7.649,7.855145454406738
78,11,CCCC[N+](C)(C)CC(C)CC,172.34,3.2,11,102.61,-10.797,-3.12,7.677,7.7259321212768555
79,11,CCCC[N+](C)(C)CCC(C)C,172.34,3.2,11,100.61,-10.601,-3.052,7.549,7.564554214477539
80,11,CCCC[N+](C)(CC)CCCC,172.34,3.1,11,86.21,-10.787,-2.757,8.03,7.725198745727539
81,11,CCCC[N+](C)(CCC)CCC,172.34,3.3,11,88.21,-10.771,-2.938,7.833,7.866097450256348
82,11,CCCC[N+](CC)(CC)CCC,172.34,3.2,11,90.21,-10.774,-2.742,8.032,8.240260124206543
83,11,CCC[N+](C)(C)CCC(C)CC,172.34,3.4,11,102.61,-10.264,-3.078,7.186,7.271022319793701
84,11,CCC[N+](C)(C)CCCC(C)C,172.34,3.2,11,100.61,-10.169,-3.005,7.164,7.222970962524414
85,11,CCC[N+](C)(CC)CC(C)CC,172.34,3.2,11,106.61,-10.732,-2.931,7.801,7.819916725158691
86,11,CCC[N+](C)(CC)CCC(C)C,172.34,3.2,11,104.61,-10.592,-2.951,7.641,7.69182014465332
87,11,CCC[N+](CC)(CCC)CCC,172.34,3.3,11,77.19,-10.573,-2.849,7.724,8.217538833618164
88,11,CC[N+](C)(CC(C)C)CC(C)C,172.34,3.3,11,101.21,-11.078,-2.875,8.203,7.933150291442871
89,11,CC[N+](C)(CC)CCCC(C)C,172.34,3.1,11,98.61,-10.132,-3.015,7.117,7.039995193481445
90,11,CC[N+](CC)(CC)CC(C)(C)C,172.34,3.1,7,104.23,-10.924,-2.783,8.141,7.9846906661987305
91,11,CC[N+](CC)(CC)CCC(C)C,172.34,3.1,11,90.34,-10.589,-2.895,7.694,7.763833999633789
92,12,CC(C)(C)C[N+](C)(C)CC(C)(C)C,186.36,3.7,4,131.86,-10.868,-3.196,7.672,7.810349464416504
93,12,CC(C)CCC[N+](C)(C)CC(C)C,186.36,3.7,12,120.0,-10.207,-3.047,7.16,7.202629089355469
94,12,CC(C)CC[N+](C)(C)CCC(C)C,186.36,3.7,12,106.0,-10.551,-2.971,7.58,7.620075225830078
95,12,CCC(C)(C)C[N+](CC)(CC)CC,186.36,3.5,12,120.71,-10.491,-2.758,7.733,7.728676795959473
96,12,CCC(C)CC[N+](CC)(CC)CC,186.36,3.6,12,102.94,-10.194,-2.701,7.493,7.559511184692383
97,12,CCC(C)C[N+](C)(C)CC(C)(C)C,186.36,3.7,8,136.61,-10.674,-3.196,7.478,7.810868263244629
98,12,CCC(C)C[N+](C)(C)CC(C)CC,186.36,3.7,12,110.0,-10.687,-3.033,7.654,7.422377109527588
99,12,CCCCC(C)CC[N+](C)(C)CC,186.36,4.0,12,113.21,-9.532,-3.083,6.449,6.631757736206055
100,12,CCCCCCCCC[N+](C)(C)C,186.36,5.0,12,97.1,-9.096,-3.375,5.721,6.3518476486206055
101,12,CCCCCCCC[N+](C)(C)CC,186.36,4.1,12,102.61,-9.542,-3.593,5.949,6.475008964538574
102,12,CCCCCCC[N+](C)(C)CCC,186.36,4.0,12,102.61,-9.5,-3.067,6.433,6.656227111816406
103,12,CCCCCCC[N+](C)(CC)CC,186.36,3.9,12,100.61,-9.519,-2.829,6.69,6.680056095123291
104,12,CCCCCC[N+](C)(C)CC(C)C,186.36,3.9,12,111.21,-9.915,-3.047,6.868,7.075743198394775
105,12,CCCCCC[N+](C)(C)CCCC,186.36,3.9,12,102.61,-9.839,-3.019,6.82,7.1839776039123535
106,12,CCCCCC[N+](C)(CC)CCC,186.36,3.9,12,106.61,-9.825,-2.948,6.877,7.190332412719727
107,12,CCCCCC[N+](CC)(CC)CC,186.36,3.7,12,92.34,-9.806,-2.768,7.038,7.130173683166504
108,12,CCCCC[N+](C)(C)CCC(C)C,186.36,3.8,12,111.21,-10.32,-3.012,7.308,7.542998313903809
109,12,CCCCC[N+](C)(C)CCCCC,186.36,3.9,12,90.61,-10.337,-2.979,7.358,7.406856536865234
110,12,CCCCC[N+](C)(CC)CCCC,186.36,3.7,12,106.61,-10.202,-2.744,7.458,7.491944789886475
111,12,CCCCC[N+](C)(CCC)CCC,186.36,3.9,12,98.61,-10.199,-2.722,7.477,7.571205139160156
112,12,CCCCC[N+](CC)(CC)CCC,186.36,3.7,12,100.61,-10.322,-2.706,7.616,7.658571243286133
113,12,CCCC[N+](C)(C)CCCC(C)C,186.36,3.6,12,111.21,-10.145,-3.01,7.135,7.215297698974609
114,12,CCCC[N+](C)(CCC)CC(C)C,186.36,3.8,12,115.21,-10.69,-2.665,8.025,7.9120025634765625
115,12,CCCC[N+](C)(CCC)CCCC,186.36,3.7,12,96.61,-10.708,-2.856,7.852,7.931710243225098
116,12,CCCC[N+](CC)(CC)CCCC,186.36,3.5,12,90.61,-10.666,-2.667,7.999,8.335099220275879
117,12,CCCC[N+](CC)(CCC)CCC,186.36,3.7,12,98.61,-10.709,-2.484,8.225,7.890231132507324
118,12,CCC[N+](C)(C)CCCCC(C)C,186.36,3.8,12,111.21,-9.795,-3.068,6.727,6.889604568481445
119,12,CCC[N+](C)(CCC)CC(C)CC,186.36,3.8,12,109.21,-10.682,-2.841,7.841,7.732468605041504
120,12,CCC[N+](CC)(CC)CCC(C)C,186.36,3.6,12,109.21,-10.495,-2.676,7.819,7.9301557540893555
121,12,CCC[N+](CC)(CCC)CC(C)C,186.36,3.8,12,107.21,-11.01,-2.646,8.364,8.207622528076172
122,12,CCC[N+](CCC)(CCC)CCC,186.36,3.9,12,75.1,-11.456,-3.073,8.383,8.264988899230957
123,12,CC[N+](CC)(CC(C)C)CC(C)C,186.36,3.7,12,106.0,-11.01,-2.666,8.344,8.296517372131348
124,12,CC[N+](CC)(CC)CCCC(C)C,186.36,3.4,12,100.94,-10.104,-2.896,7.208,7.581975936889648
125,13,CC(C)CCC[N+](C)(C)CCC(C)C,200.39,4.0,13,130.97,-10.037,-2.993,7.044,7.217503547668457
126,13,CC(C)C[N+](C)(CC(C)C)CC(C)C,200.39,4.3,13,115.59,-10.809,-2.932,7.877,7.997749328613281
127,13,CCCCC(C)C[N+](C)(CC)CCC,200.39,4.3,13,128.0,-9.82,-2.804,7.016,7.195300102233887
128,13,CCCCC(C)C[N+](CC)(CC)CC,200.39,4.2,13,113.74,-9.84,-2.815,7.025,7.22731876373291
129,13,CCCCCCCCCC[N+](C)(C)C,200.39,5.3,13,107.7,-9.003,-3.381,5.622,6.284852981567383
130,13,CCCCCCCCC[N+](C)(C)CC,200.39,4.6,13,113.21,-9.206,-3.101,6.105,6.422307968139648
131,13,CCCCCCCC[N+](C)(C)CCC,200.39,4.6,13,113.21,-9.415,-3.032,6.383,6.71549654006958
132,13,CCCCCCCC[N+](C)(CC)CC,200.39,4.4,13,111.21,-9.278,-2.82,6.458,6.621512413024902
133,13,CCCCCCC[N+](C)(C)CCCC,200.39,4.4,13,113.21,-9.616,-3.12,6.496,6.948190689086914
134,13,CCCCCCC[N+](CC)(CC)CC,200.39,4.3,13,102.94,-9.511,-2.748,6.763,6.815333843231201
135,13,CCCCCC[N+](C)(C)CCC(C)C,200.39,4.3,13,122.0,-9.919,-3.035,6.884,7.153514385223389
136,13,CCCCCC[N+](C)(C)CCCCC,200.39,4.4,13,113.21,-9.908,-3.014,6.894,7.209471702575684
137,13,CCCCCC[N+](C)(CC)CCCC,200.39,4.2,13,117.21,-9.912,-2.899,7.013,7.258056640625
138,13,CCCCCC[N+](C)(CCC)CCC,200.39,4.4,13,109.21,-9.816,-2.789,7.027,7.228167533874512
139,13,CCCCCC[N+](CC)(CC)CCC,200.39,4.2,13,111.21,-9.802,-2.706,7.096,7.287240028381348
140,13,CCCCC[N+](C)(C)CCCC(C)C,200.39,4.1,13,122.0,-10.205,-3.014,7.191,7.179152011871338
141,13,CCCCC[N+](C)(CC)CCCCC,200.39,4.2,13,105.21,-10.286,-2.717,7.569,7.639740943908691
142,13,CCCCC[N+](C)(CCC)CCCC,200.39,4.2,13,117.21,-10.334,-2.691,7.643,7.735770225524902
143,13,CCCCC[N+](CC)(CC)CCCC,200.39,4.1,13,111.21,-10.277,-2.681,7.596,7.4829421043396
144,13,CCCCC[N+](CC)(CCC)CCC,200.39,4.2,13,109.21,-10.248,-2.661,7.587,7.661892890930176
145,13,CCCC[N+](C)(C)CCCCC(C)C,200.39,4.1,13,122.0,-9.67,-3.055,6.615,6.975335121154785
146,13,CCCC[N+](C)(CCC)CC(C)(C)C,200.39,4.2,9,140.61,-10.714,-2.821,7.893,7.930634498596191
147,13,CCCC[N+](C)(CCCC)CCCC,200.39,4.0,13,93.43,-10.638,-2.891,7.747,7.961503028869629
148,13,CCCC[N+](CC)(CCC)CCCC,200.39,4.0,13,107.21,-10.676,-2.607,8.069,8.182615280151367
149,13,CCCC[N+](CCC)(CCC)CCC,200.39,4.2,13,98.19,-10.653,-2.726,7.927,8.107865333557129
150,13,CCC[N+](CCC)(CCC)CC(C)C,200.39,4.3,13,106.98,-10.932,-2.777,8.155,8.155830383300781
151,13,CC[N+](C)(CC(C)(C)C)CC(C)(C)C,200.39,4.1,5,147.46,-10.785,-2.831,7.954,7.92080020904541
152,13,CC[N+](CC)(CC)CCCCC(C)C,200.39,4.0,13,111.74,-9.716,-2.729,6.987,7.047407150268555
153,14,CC(C)CCC[N+](C)(C)CCCC(C)C,214.42,4.4,14,126.12,,,,7.5550537109375
154,14,CCC(C)CCCC[N+](CC)(CC)CC,214.42,4.5,14,124.71,,,,6.947003364562988
155,14,CCCCC(C)(C)C[N+](C)(C)CCCC,214.42,4.7,14,135.42,,,,7.451199531555176
156,14,CCCCCCCCCCC[N+](C)(C)C,214.42,5.3,14,118.49,,,,6.216461181640625
157,14,CCCCCCCCCC[N+](C)(C)CC,214.42,5.1,14,124.0,,,,6.3747639656066895
158,14,CCCCCCCCC[N+](C)(C)CCC,214.42,5.1,14,124.0,,,,6.4486083984375
159,14,CCCCCCCCC[N+](C)(CC)CC,214.42,5.0,14,122.0,,,,6.352126121520996
160,14,CCCCCCCC[N+](C)(C)CCCC,214.42,4.9,14,124.0,,,,6.797478675842285
161,14,CCCCCCCC[N+](CC)(CC)CC,214.42,4.8,14,113.74,,,,6.903046607971191
162,14,CCCCCCC[N+](C)(C)CCC(C)C,214.42,4.8,14,132.97,,,,7.298833847045898
163,14,CCCCCCC[N+](C)(C)CCCCC,214.42,4.9,14,124.0,,,,7.241273880004883
164,14,CCCCCCC[N+](C)(CC)CCCC,214.42,4.8,14,128.0,,,,7.129958152770996
165,14,CCCCCC[N+](C)(C)CCCC(C)C,214.42,4.7,14,132.97,,,,7.347585678100586
166,14,CCCCCC[N+](C)(C)CCCCCC,214.42,4.9,14,110.0,,,,7.381999969482422
167,14,CCCCCC[N+](C)(CC)CCCCC,214.42,4.8,14,128.0,,,,7.467987060546875
168,14,CCCCCC[N+](C)(CCC)CCCC,214.42,4.8,14,128.0,,,,7.512147903442383
169,14,CCCCCC[N+](CC)(CC)CCCC,214.42,4.6,14,122.0,,,,7.425242900848389
170,14,CCCCCC[N+](CC)(CCC)CCC,214.42,4.8,14,120.0,,,,7.534550666809082
171,14,CCCCC[N+](C)(C)CCCCC(C)C,214.42,4.7,14,132.97,,,,6.948317050933838
172,14,CCCCC[N+](C)(CCC)CCC(C)C,214.42,4.7,14,136.97,,,,7.671236038208008
173,14,CCCCC[N+](C)(CCC)CCCCC,214.42,4.8,14,116.0,,,,7.770779609680176
174,14,CCCCC[N+](C)(CCCC)CCCC,214.42,4.6,14,118.0,,,,7.752739906311035
175,14,CCCCC[N+](CC)(CC)CCCCC,214.42,4.6,14,110.0,,,,7.546871185302734
176,14,CCCCC[N+](CC)(CCC)CCCC,214.42,4.6,14,128.0,,,,8.013680458068848
177,14,CCCCC[N+](CCC)(CCC)CCC,214.42,4.8,14,108.98,,,,7.777466773986816
178,14,CCCC[N+](C)(CCCC)CC(C)CC,214.42,4.5,14,128.97,,,,7.637510299682617
179,14,CCCC[N+](CC)(CCCC)CC(C)C,214.42,4.5,14,126.97,,,,7.988529205322266
180,14,CCCC[N+](CC)(CCCC)CCCC,214.42,4.4,14,104.23,,,,8.171708106994629
181,14,CCCC[N+](CCC)(CCC)CCCC,214.42,4.6,14,110.0,,,,8.144927978515625
182,14,CC[N+](CC(C)C)(CC(C)C)CC(C)C,214.42,4.6,14,126.89,,,,8.15102481842041
183,14,CC[N+](CC)(CC)CCCCCC(C)C,214.42,4.5,14,122.71,,,,6.985574722290039
184,15,CCC(C)CC[N+](C)(CC)CCCC(C)C,228.44,4.9,15,159.42,,,,7.358199119567871
185,15,CCCCCC(C)C[N+](C)(C)CC(C)CC,228.44,5.3,15,157.42,,,,7.004122257232666
186,15,CCCCCCCCCCCC[N+](C)(C)C,228.44,5.9,15,129.46,,,,6.129619598388672
187,15,CCCCCCCCCCC[N+](C)(C)CC,228.44,5.7,15,134.97,,,,6.3149566650390625
188,15,CCCCCCCCCC[N+](C)(C)CCC,228.44,5.7,15,134.97,,,,6.54423713684082
189,15,CCCCCCCCCC[N+](C)(CC)CC,228.44,5.5,15,132.97,,,,6.401495933532715
190,15,CCCCCCCCC[N+](C)(C)CCCC,228.44,5.5,15,134.97,,,,6.69144344329834
191,15,CCCCCCCCC[N+](CC)(CC)CC,228.44,5.3,15,124.71,,,,6.71312952041626
192,15,CCCCCCCC[N+](C)(C)CCC(C)C,228.44,5.4,15,144.12,,,,6.783466339111328
193,15,CCCCCCCC[N+](C)(C)CCCCC,228.44,5.5,15,134.97,,,,6.7764387130737305
194,15,CCCCCCCC[N+](C)(CC)CCCC,228.44,5.3,15,138.97,,,,6.905449867248535
195,15,CCCCCCCC[N+](C)(CCC)CCC,228.44,5.5,15,130.97,,,,7.006023406982422
196,15,CCCCCCC[N+](C)(C)CCCC(C)C,228.44,5.2,15,144.12,,,,7.165781021118164
197,15,CCCCCCC[N+](C)(C)CCCCCC,228.44,5.5,15,134.97,,,,7.180458068847656
198,15,CCCCCCC[N+](CC)(CC)CCCC,228.44,5.1,15,132.97,,,,7.408534049987793
199,15,CCCCCCC[N+](CC)(CCC)CCC,228.44,5.3,15,130.97,,,,7.54052734375
200,15,CCCCCC[N+](C)(C)CCCCC(C)C,228.44,5.2,15,144.12,,,,7.029151916503906
201,15,CCCCCC[N+](C)(CC(C)C)CC(C)C,228.44,5.3,15,145.42,,,,7.599038124084473
202,15,CCCCCC[N+](C)(CC)CCCCCC,228.44,5.3,15,124.97,,,,7.400263786315918
203,15,CCCCCC[N+](C)(CCC)CCCCC,228.44,5.3,15,138.97,,,,7.443102836608887
204,15,CCCCCC[N+](C)(CCCC)CCCC,228.44,5.1,15,128.97,,,,7.5598859786987305
205,15,CCCCCC[N+](CC)(CC)CCCCC,228.44,5.1,15,132.97,,,,7.559356689453125
206,15,CCCCCC[N+](CC)(CCC)CCCC,228.44,5.1,15,138.97,,,,7.540959358215332
207,15,CCCCCC[N+](CCC)(CCC)CCC,228.44,5.3,15,119.95,,,,7.634674072265625
208,15,CCCCC[N+](C)(CCCC)CCCCC,228.44,5.1,15,126.97,,,,7.496493339538574
209,15,CCCCC[N+](CC)(CCC)CCCCC,228.44,5.1,15,126.97,,,,7.623600006103516
210,15,CCCCC[N+](CC)(CCCC)CCCC,228.44,4.9,15,128.97,,,,8.010282516479492
211,15,CCCCC[N+](CCC)(CCC)CCCC,228.44,5.1,15,130.97,,,,7.891999244689941
212,15,CCCC[N+](C)(CCCC)CC(C)CCC,228.44,5.0,15,140.12,,,,7.703202247619629
213,15,CCCC[N+](CCC)(CCCC)CC(C)C,228.44,5.0,15,138.12,,,,8.059483528137207
214,15,CCCC[N+](CCC)(CCCC)CCCC,228.44,4.9,15,115.2,,,,7.888343811035156
215,16,CC(C)(C)C[N+](C)(CC(C)(C)C)CC(C)(C)C,242.47,5.5,4,185.44,,,,7.853908538818359
216,16,CC(C)CC[N+](C)(CCC(C)C)CCC(C)C,242.47,5.3,16,145.19,,,,7.892391204833984
217,16,CC(C)C[N+](CC(C)C)(CC(C)C)CC(C)C,242.47,5.6,16,140.71,,,,
218,16,CCCC(C)CCC[N+](C)(CC)CC(C)CC,242.47,5.5,16,172.88,,,,7.267973899841309
219,16,CCCCCCCCCCCCC[N+](C)(C)C,242.47,6.4,16,140.61,,,,6.379518508911133
220,16,CCCCCCCCCCCC[N+](C)(C)CC,242.47,6.2,16,146.12,,,,6.4137468338012695
221,16,CCCCCCCCCCC[N+](C)(C)CCC,242.47,6.2,16,146.12,,,,6.251274108886719
222,16,CCCCCCCCCC[N+](C)(C)CC(C)C,242.47,6.1,16,155.42,,,,6.887914657592773
223,16,CCCCCCCCCC[N+](C)(C)CCCC,242.47,6.0,16,146.12,,,,6.810896873474121
224,16,CCCCCCCCCC[N+](CC)(CC)CC,242.47,5.9,16,135.85,,,,6.42818021774292
225,16,CCCCCCCCC[N+](C)(C)CCC(C)C,242.47,5.9,16,155.42,,,,6.8822832107543945
226,16,CCCCCCCCC[N+](C)(C)CCCCC,242.47,6.0,16,146.12,,,,6.930569648742676
227,16,CCCCCCCCC[N+](C)(CC)CCCC,242.47,5.9,16,150.12,,,,6.8011474609375
228,16,CCCCCCCC[N+](C)(C)CCCC(C)C,242.47,5.7,16,155.42,,,,7.250011444091797
229,16,CCCCCCCC[N+](C)(C)CCCCCC,242.47,6.0,16,146.12,,,,6.925469398498535
230,16,CCCCCCCC[N+](C)(CC)CCCCC,242.47,5.9,16,150.12,,,,7.2343244552612305
231,16,CCCCCCCC[N+](C)(CCC)CCCC,242.47,5.8,16,150.12,,,,7.167872428894043
232,16,CCCCCCCC[N+](CC)(CC)CCCC,242.47,5.7,16,144.12,,,,7.586117744445801
233,16,CCCCCCC[N+](C)(C)CCCCC(C)C,242.47,5.7,16,155.42,,,,7.100672721862793
234,16,CCCCCCC[N+](C)(C)CCCCCCC,242.47,6.0,16,130.12,,,,7.317778587341309
235,16,CCCCCCC[N+](C)(CC)CCCCCC,242.47,5.9,16,150.12,,,,7.470946311950684
236,16,CCCCCCC[N+](C)(CCC)CCCCC,242.47,5.8,16,150.12,,,,7.337347984313965
237,16,CCCCCCC[N+](C)(CCCC)CCCC,242.47,5.7,16,140.12,,,,7.102487564086914
238,16,CCCCCCC[N+](CCC)(CCC)CCC,242.47,5.8,16,131.1,,,,7.367151737213135
239,16,CCCCCC[N+](C)(CCC)CCCCCC,242.47,5.8,16,136.12,,,,7.816872596740723
240,16,CCCCCC[N+](C)(CCCC)CCCCC,242.47,5.7,16,150.12,,,,7.618930816650391
241,16,CCCCCC[N+](CC)(CC)CCCCCC,242.47,5.7,16,130.12,,,,7.563362121582031
242,16,CCCCCC[N+](CC)(CCCC)CCCC,242.47,5.5,16,140.12,,,,7.674591064453125
243,16,CCCCCC[N+](CCC)(CCC)CCCC,242.47,5.7,16,142.12,,,,7.526446342468262
244,16,CCCCC[N+](C)(CCCCC)CCCCC,242.47,5.7,16,121.59,,,,7.687644958496094
245,16,CCCCC[N+](CC)(CCCC)CCCCC,242.47,5.5,16,138.12,,,,7.896167755126953
246,16,CCCCC[N+](CC)(CCCCC)CC(C)C,242.47,5.6,16,147.42,,,,7.4536333084106445
247,16,CCCCC[N+](CCC)(CCC)CCCCC,242.47,5.7,16,130.12,,,,7.614036560058594
248,16,CCCCC[N+](CCC)(CCCC)CCCC,242.47,5.5,16,140.12,,,,7.868193626403809
249,16,CCCC[N+](CCCC)(CC(C)C)CC(C)C,242.47,5.4,16,146.88,,,,7.756504058837891
250,16,CCCC[N+](CCCC)(CCCC)CC(C)C,242.47,5.4,16,135.65,,,,7.853947639465332
251,16,CCCC[N+](CCCC)(CCCC)CCCC,242.47,5.3,16,110.61,,,,8.17498779296875
252,16,CCC[N+](CCC)(CCC(C)C)CCC(C)C,242.47,5.4,16,146.88,,,,7.813895225524902
253,17,CCCCCCCCCCCCCC[N+](C)(C)C,256.5,7.0,17,151.91,,,,6.175975799560547
254,17,CCCCCCCCCCCCC[N+](C)(C)CC,256.5,6.8,17,157.42,,,,6.479938507080078
255,17,CCCCCCCCCCCC[N+](C)(C)CCC,256.5,6.8,17,157.42,,,,6.472707748413086
256,17,CCCCCCCCCCCC[N+](C)(CC)CC,256.5,6.6,17,155.42,,,,6.607748508453369
257,17,CCCCCCCCCCC[N+](C)(C)CCCC,256.5,6.6,17,157.42,,,,7.081254959106445
258,17,CCCCCCCCCCC[N+](C)(CC)CCC,256.5,6.6,17,161.42,,,,6.529402732849121
259,17,CCCCCCCCCCC[N+](CC)(CC)CC,256.5,6.4,17,147.16,,,,6.511910438537598
260,17,CCCCCCCCCC[N+](C)(C)CCC(C)C,256.5,6.5,17,166.88,,,,6.656702041625977
261,17,CCCCCCCCCC[N+](C)(C)CCCCC,256.5,6.6,17,157.42,,,,6.821434497833252
262,17,CCCCCCCCCC[N+](C)(CCC)CCC,256.5,6.6,17,153.42,,,,6.7525482177734375
263,17,CCCCCCCCCC[N+](CC)(CC)CCC,256.5,6.4,17,155.42,,,,6.807219505310059
264,17,CCCCCCCCC[N+](C)(C)CCCC(C)C,256.5,6.3,17,166.88,,,,7.00258731842041
265,17,CCCCCCCCC[N+](C)(C)CCCCCC,256.5,6.6,17,157.42,,,,6.963459491729736
266,17,CCCCCCCC[N+](C)(C)CCCCC(C)C,256.5,6.3,17,166.88,,,,7.06947135925293
267,17,CCCCCCCC[N+](C)(C)CCCCCCC,256.5,6.6,17,157.42,,,,7.1444220542907715
268,17,CCCCCCCC[N+](C)(CCCC)CCCC,256.5,6.2,17,151.42,,,,6.959330081939697
269,17,CCCCCCCC[N+](CCC)(CCC)CCC,256.5,6.4,17,142.4,,,,7.198873519897461
270,17,CCCCCCC[N+](C)(CCC)CCCCCC,256.5,6.4,17,161.42,,,,7.284239292144775
271,17,CCCCCCC[N+](CCC)(CCC)CCCC,256.5,6.2,17,153.42,,,,7.2847185134887695
272,17,CCCCCC[N+](C)(CCCC)CCCCCC,256.5,6.2,17,147.42,,,,7.415679931640625
273,17,CCCCCC[N+](C)(CCCCC)CCCCC,256.5,6.2,17,149.42,,,,7.797029495239258
274,17,CCCCCC[N+](CC)(CCC)CCCC(C)C,256.5,5.9,17,170.88,,,,7.413259506225586
275,17,CCCCCC[N+](CCC)(CCCC)CCCC,256.5,6.0,17,151.42,,,,7.768037796020508
276,17,CCCCC[N+](CC(C)C)(CC(C)C)CC(C)C,256.5,6.1,17,161.69,,,,7.720135688781738
277,17,CCCCC[N+](CC)(CCCCC)CCCCC,256.5,6.0,17,132.89,,,,7.904253959655762
278,17,CCCCC[N+](CCC)(CCCC)CCCCC,256.5,6.0,17,149.42,,,,7.627642631530762
279,17,CCCCC[N+](CCCC)(CCCC)CCCC,256.5,5.8,17,137.65,,,,7.596230506896973
280,17,CCCC[N+](CCCC)(CCCC)CC(C)(C)C,256.5,5.8,13,162.93,,,,8.03402042388916
281,17,CCCC[N+](CCCC)(CCCC)CCC(C)C,256.5,5.7,17,147.1,,,,7.67734432220459
282,18,CC(C)CCCCC[N+](C)(C)CCCCCC(C)C,270.52,6.5,18,168.21,,,,7.163402557373047
283,18,CCCCCCCCCCCCCCC[N+](C)(C)C,270.52,7.5,18,163.37,,,,6.188579559326172
284,18,CCCCCCCCCCCC[N+](C)(C)CC(C)C,270.52,7.2,18,178.48,,,,6.573640823364258
285,18,CCCCCCCCCCCC[N+](C)(C)CCCC,270.52,7.1,18,168.88,,,,6.522729873657227
286,18,CCCCCCCCCCCC[N+](CC)(CC)CC,270.52,7.0,18,158.61,,,,6.576476097106934
287,18,CCCCCCCCCCC[N+](C)(C)CCC(C)C,270.52,7.0,18,178.48,,,,6.906831741333008
288,18,CCCCCCCCCCC[N+](C)(C)CCCCC,270.52,7.1,18,168.88,,,,7.01495361328125
289,18,CCCCCCCCCC[N+](CC)(CCC)CCC,270.52,6.9,18,164.88,,,,6.788252830505371
290,18,CCCCCCCCC[N+](CCC)(CCC)CCC,270.52,6.9,18,153.86,,,,7.190311908721924
291,18,CCCCCCCC[N+](C)(C)CCCCCCCC,270.52,7.1,18,150.88,,,,7.086027145385742
292,18,CCCCCCCC[N+](CC)(CC)CCCCCC,270.52,6.8,18,166.88,,,,7.121307373046875
293,18,CCCCCCCC[N+](CC)(CCCC)CCCC,270.52,6.6,18,162.88,,,,7.28125
294,18,CCCCCCCC[N+](CCC)(CCC)CCCC,270.52,6.7,18,164.88,,,,7.206378936767578
295,18,CCCCCCC[N+](C)(CCCC)CCCCCC,270.52,6.7,18,172.88,,,,7.646807670593262
296,18,CCCCCCC[N+](CC)(CC)CCCCCCC,270.52,6.8,18,150.88,,,,7.579477310180664
297,18,CCCCCC[N+](C)(CCCCC)CCCCCC,270.52,6.7,18,158.88,,,,7.418617248535156
298,18,CCCCCC[N+](CC(C)C)(CC(C)C)CC(C)C,270.52,6.6,18,173.55,,,,7.490358352661133
299,18,CCCCCC[N+](CC)(CCCCCC)CC(C)C,270.52,6.6,18,168.48,,,,7.241946697235107
300,18,CCCCCC[N+](CCC)(CCC)CCCCCC,270.52,6.7,18,150.88,,,,7.360272407531738
301,18,CCCCCC[N+](CCCC)(CCCC)CCCC,270.52,6.4,18,149.1,,,,7.42338752746582
302,18,CCCCC[N+](CCC)(CCCCC)CCCCC,270.52,6.6,18,144.35,,,,7.490927696228027
303,18,CCCCC[N+](CCCC)(CCCC)CCCCC,270.52,6.4,18,150.88,,,,7.830914497375488
304,18,CCCC[N+](CCCC)(CCC(C)C)CCC(C)C,270.52,6.2,18,168.21,,,,7.537001609802246
305,18,CCCC[N+](CCCC)(CCCC)CCCC(C)C,270.52,6.1,18,158.7,,,,7.659028053283691
306,19,CCCCCCCCCCCCCCCC[N+](C)(C)C,284.55,8.0,19,174.97,,,,6.235732078552246
307,19,CCCCCCCCCCCCCCC[N+](C)(C)CC,284.55,7.9,19,180.48,,,,6.274243354797363
308,19,CCCCCCCCCCCCCC[N+](C)(C)CCC,284.55,7.8,19,180.48,,,,6.3083906173706055
309,19,CCCCCCCCCCCCCC[N+](C)(CC)CC,284.55,7.7,19,178.48,,,,6.180562973022461
310,19,CCCCCCCCCCCCC[N+](C)(C)CCCC,284.55,7.7,19,180.48,,,,6.502043724060059
311,19,CCCCCCCCCCCCC[N+](CC)(CC)CC,284.55,7.5,19,170.21,,,,6.43517541885376
312,19,CCCCCCCCCCCC[N+](C)(C)CCC(C)C,284.55,7.6,19,190.21,,,,6.686589241027832
313,19,CCCCCCCCCCCC[N+](C)(C)CCCCC,284.55,7.7,19,180.48,,,,6.460882186889648
314,19,CCCCCCCCCCCC[N+](C)(CC)CCCC,284.55,7.5,19,184.48,,,,6.364145278930664
315,19,CCCCCCCCCCCC[N+](C)(CCC)CCC,284.55,7.7,19,176.48,,,,6.595746040344238
316,19,CCCCCCCCCCCC[N+](CC)(CC)CCC,284.55,7.5,19,178.48,,,,6.5152692794799805
317,19,CCCCCCCCCCC[N+](C)(C)CCCC(C)C,284.55,7.4,19,190.21,,,,6.839154243469238
318,19,CCCCCCCCCCC[N+](C)(C)CCCCCC,284.55,7.7,19,180.48,,,,6.666354179382324
319,19,CCCCCCCCCCC[N+](CC)(CC)CCCC,284.55,7.3,19,178.48,,,,6.782711982727051
320,19,CCCCCCCCCC[N+](C)(C)CCCCC(C)C,284.55,7.4,19,190.21,,,,6.9891510009765625
321,19,CCCCCCCCCC[N+](C)(C)CCCCCCC,284.55,7.7,19,180.48,,,,6.8629889488220215
322,19,CCCCCCCCCC[N+](C)(CC(C)C)CC(C)C,284.55,7.4,19,192.08,,,,7.098714828491211
323,19,CCCCCCCCCC[N+](C)(CCCC)CCCC,284.55,7.3,19,174.48,,,,6.753209114074707
324,19,CCCCCCCCCC[N+](CCC)(CCC)CCC,284.55,7.5,19,165.46,,,,7.028465270996094
325,19,CCCCCCCCC[N+](C)(C)CCCCCCCC,284.55,7.7,19,180.48,,,,7.116931915283203
326,19,CCCCCCCC[N+](C)(CC)CCCCCCCC,284.55,7.5,19,166.48,,,,7.334192276000977
327,19,CCCCCCCC[N+](C)(CCCC)CCCCCC,284.55,7.3,19,184.48,,,,7.15126895904541
328,19,CCCCCCCC[N+](CC)(CC)CCCCCCC,284.55,7.3,19,178.48,,,,7.253602981567383
329,19,CCCCCCCC[N+](CCC)(CCC)CCCCC,284.55,7.3,19,176.48,,,,7.226801872253418
330,19,CCCCCCC[N+](C)(CCCCC)CCCCCC,284.55,7.3,19,184.48,,,,7.306028366088867
331,19,CCCCCCC[N+](CCCC)(CCCC)CCCC,284.55,6.9,19,160.7,,,,7.317095756530762
332,19,CCCCCC[N+](C)(CCCCCC)CCCCCC,284.55,7.3,19,151.19,,,,7.565201759338379
333,19,CCCCCC[N+](CCCC)(CCCC)CCCCC,284.55,6.9,19,174.48,,,,7.644097328186035
334,19,CCCCC[N+](CCCC)(CCCCC)CCCCC,284.55,6.9,19,155.95,,,,7.872142791748047
335,19,CCCC[N+](CCC(C)C)(CCC(C)C)CCC(C)C,284.55,6.6,19,180.79,,,,
336,20,CC(C)(C)C[N+](CC(C)(C)C)(CC(C)(C)C)CC(C)(C)C,298.58,7.2,4,236.4,,,,
337,20,CC(C)CC[N+](CCC(C)C)(CCC(C)C)CCC(C)C,298.58,7.0,20,180.91,,,,
338,20,CCCCCCCCCCCCCCCCC[N+](C)(C)C,298.58,8.6,20,186.71,,,,6.1812849044799805
339,20,CCCCCCCCCCCCCCCC[N+](C)(C)CC,298.58,8.4,20,192.21,,,,6.227333068847656
340,20,CCCCCCCCCCCCCCC[N+](C)(C)CCC,298.58,8.4,20,192.21,,,,6.256154537200928
341,20,CCCCCCCCCCCCCC[N+](C)(C)CCCC,298.58,8.2,20,192.21,,,,6.226425647735596
342,20,CCCCCCCCCCCCCC[N+](CC)(CC)CC,298.58,8.0,20,181.95,,,,6.448931694030762
343,20,CCCCCCCCCCCCC[N+](C)(C)CCC(C)C,298.58,8.1,20,202.08,,,,6.506600379943848
344,20,CCCCCCCCCCCCC[N+](C)(C)CCCCC,298.58,8.2,20,192.21,,,,6.485260009765625
345,20,CCCCCCCCCCCC[N+](C)(C)CCCC(C)C,298.58,7.9,20,202.08,,,,6.812349796295166
346,20,CCCCCCCCCCCC[N+](C)(C)CCCCCC,298.58,8.2,20,192.21,,,,6.693660736083984
347,20,CCCCCCCCCCCC[N+](CC)(CC)CCCC,298.58,7.8,20,190.21,,,,6.667160987854004
348,20,CCCCCCCCCCCC[N+](CC)(CCC)CCC,298.58,8.0,20,188.21,,,,6.672065734863281
349,20,CCCCCCCCCCC[N+](C)(C)CCCCC(C)C,298.58,7.9,20,202.08,,,,7.033212661743164
350,20,CCCCCCCCCCC[N+](C)(C)CCCCCCC,298.58,8.2,20,192.21,,,,6.768434524536133
351,20,CCCCCCCCCCC[N+](CCC)(CCC)CCC,298.58,8.0,20,177.2,,,,6.65010929107666
352,20,CCCCCCCCCC[N+](C)(C)CCCCCCCC,298.58,8.2,20,192.21,,,,6.911346435546875
353,20,CCCCCCCCCC[N+](C)(CCC)CCCCCC,298.58,8.0,20,196.21,,,,6.895320415496826
354,20,CCCCCCCCC[N+](C)(C)CCCCCCCCC,298.58,8.2,20,172.21,,,,6.727834701538086
355,20,CCCCCCCCC[N+](C)(CC)CCCCCCCC,298.58,8.0,20,196.21,,,,7.002992630004883
356,20,CCCCCCCC[N+](C)(CCC)CCCCCCCC,298.58,8.0,20,178.21,,,,7.201135158538818
357,20,CCCCCCCC[N+](CC)(CC)CCCCCCCC,298.58,7.8,20,172.21,,,,7.1494550704956055
358,20,CCCCCCCC[N+](CCC)(CCC)CCCCCC,298.58,7.8,20,188.21,,,,7.162440776824951
359,20,CCCCCCCC[N+](CCC)(CCCC)CCCCC,298.58,7.6,20,196.21,,,,7.184125900268555
360,20,CCCCCCCC[N+](CCCC)(CCCC)CCCC,298.58,7.9,20,172.44,,,,7.338454246520996
361,20,CCCCCCC[N+](C)(CCCCCC)CCCCCC,298.58,7.8,20,182.21,,,,7.365727424621582
362,20,CCCCCCC[N+](CCC)(CCC)CCCCCCC,298.58,7.8,20,172.21,,,,7.38325309753418
363,20,CCCCC[N+](CCC)(CCCCC)CCCCC(C)C,298.58,7.3,20,194.08,,,,7.370439052581787
364,20,CCCCC[N+](CCCCC)(CCCCC)CCCCC,298.58,7.4,20,148.71,,,,7.672224044799805
365,20,CCCC[N+](CCCC)(CCCC)CCCCC(C)CC,298.58,7.2,20,184.31,,,,7.220223426818848
